full_text,retweet_count,user_followers_count,favorite_count,place,coordinates,geo,created_at,id_str
"RT @m_meluha: рдШрд░ рдореЗрдВ рд╕рдмрдХреЛ рдЕрдорди рд╢рд╛рдВрддрд┐ рдЪрд╛рд╣рд┐рдП.. 
рдкрд░ рджрд░рд╡рд╛рдЬреЗ рдкрд░ рд░рдХреНрд╖рд╛ рдХреЗ рд▓рд┐рдП рдХреЛрдИ рдЕрдкрдирд╛ рдмреЗрдЯрд╛ рдирд╣реАрдВ рднреЗрдЬрддрд╛ рд╣реИ!!

#рд╡реНрдпрдВрдЧ #рдорд╕реНрддрдВрдЧ ЁЯНж",17,14608,0,,,,Mon Sep 28 17:12:03 +0000 2020,1310628351137120256
"RT @gautam007: рдкрд░рд╕рд╛рдИ рдХреА рд╕рдЪреНрдЪрд╛рдИ......
#рд╡реНрдпрдВрдЧ #рдХрдЯрд╛рдХреНрд╖ https://t.co/DbRaSLn4zC",76,1988,0,,,,Mon Sep 28 03:03:04 +0000 2020,1310414695027757056
"RT @gautam007: рдкрд░рд╕рд╛рдИ рдХреА рд╕рдЪреНрдЪрд╛рдИ......
#рд╡реНрдпрдВрдЧ #рдХрдЯрд╛рдХреНрд╖ https://t.co/DbRaSLn4zC",76,3405,0,,,,Mon Sep 28 02:10:51 +0000 2020,1310401553342238721
"RT @gautam007: рдкрд░рд╕рд╛рдИ рдХреА рд╕рдЪреНрдЪрд╛рдИ......
#рд╡реНрдпрдВрдЧ #рдХрдЯрд╛рдХреНрд╖ https://t.co/DbRaSLn4zC",76,64377,0,,,,Sun Sep 27 17:03:32 +0000 2020,1310263818753208321
"RT @gautam007: рдкрд░рд╕рд╛рдИ рдХреА рд╕рдЪреНрдЪрд╛рдИ......
#рд╡реНрдпрдВрдЧ #рдХрдЯрд╛рдХреНрд╖ https://t.co/DbRaSLn4zC",76,247,0,,,,Sun Sep 27 16:38:47 +0000 2020,1310257591340003329
"RT @m_meluha: рд╣рд╡рд╕ рдХреЛ рджрд░рд╡рд╛рдЬреЗ рдкрд░ рдЖрддрд╛ рджреЗрдЦ... 
рдЗрд╢реНрдХрд╝, рджрд┐рд▓ рдХреА рдЦрд┐рдбрд╝рдХреА рд╕реЗ рдХреБрдж рдХрд░ рдорд░ рдЧрдпреА!! ЁЯШЫ

#рдорд╕реНрддрдВрдЧ #рд╡реНрдпрдВрдЧ #рдпреВрд╣реА ЁЯУЭ",29,14608,0,,,,Sun Sep 27 16:22:43 +0000 2020,1310253544566435840
"RT @gautam007: рдкрд░рд╕рд╛рдИ рдХреА рд╕рдЪреНрдЪрд╛рдИ......
#рд╡реНрдпрдВрдЧ #рдХрдЯрд╛рдХреНрд╖ https://t.co/DbRaSLn4zC",76,4548,0,,,,Sun Sep 27 14:16:07 +0000 2020,1310221686084575232
"RT @gautam007: рдкрд░рд╕рд╛рдИ рдХреА рд╕рдЪреНрдЪрд╛рдИ......
#рд╡реНрдпрдВрдЧ #рдХрдЯрд╛рдХреНрд╖ https://t.co/DbRaSLn4zC",76,78779,0,,,,Sun Sep 27 13:54:41 +0000 2020,1310216291509297152
"RT @gautam007: рдкрд░рд╕рд╛рдИ рдХреА рд╕рдЪреНрдЪрд╛рдИ......
#рд╡реНрдпрдВрдЧ #рдХрдЯрд╛рдХреНрд╖ https://t.co/DbRaSLn4zC",76,11970,0,,,,Sun Sep 27 13:09:12 +0000 2020,1310204845794574337
"RT @gautam007: рдкрд░рд╕рд╛рдИ рдХреА рд╕рдЪреНрдЪрд╛рдИ......
#рд╡реНрдпрдВрдЧ #рдХрдЯрд╛рдХреНрд╖ https://t.co/DbRaSLn4zC",76,4213,0,,,,Sun Sep 27 13:04:14 +0000 2020,1310203597771214850
"RT @m_meluha: рдЕрдкрдиреЗ рдмрдЪреНрдЪреЗ рдХреЗ рдХрдВрдзреЗ рдкрд░ рдХрд┐рддрд╛рдмреЛрдВ рдХреА рдЭреЛрд▓реА, рднрд╛рд░реА рджрд┐рдЦрддреА рд╣реИ рдкрд░ рдЕрдкрдиреЗ рджреБрдХрд╛рди рдкрд░ рдХрд╛рдо рдХрд░рдиреЗ рд╡рд╛рд▓реЗ рдЫреЛрдЯреВ рд╕реЗ, рдХрд┐рд▓реЛрдВ-рдХрд┐рд▓реЛрдВ рд╕рдорд╛рди рдЙрдард╡рд╛рддреЗ рд╣реЛ. рдпреЗтАж",10,2061,0,,,,Sun Sep 27 12:41:53 +0000 2020,1310197972655726593
"RT @gautam007: рдкрд░рд╕рд╛рдИ рдХреА рд╕рдЪреНрдЪрд╛рдИ......
#рд╡реНрдпрдВрдЧ #рдХрдЯрд╛рдХреНрд╖ https://t.co/DbRaSLn4zC",76,2649,0,,,,Sun Sep 27 12:36:54 +0000 2020,1310196717304688640
"RT @gautam007: рдкрд░рд╕рд╛рдИ рдХреА рд╕рдЪреНрдЪрд╛рдИ......
#рд╡реНрдпрдВрдЧ #рдХрдЯрд╛рдХреНрд╖ https://t.co/DbRaSLn4zC",76,8851,0,,,,Sun Sep 27 12:04:15 +0000 2020,1310188503389466625
"RT @gautam007: рдкрд░рд╕рд╛рдИ рдХреА рд╕рдЪреНрдЪрд╛рдИ......
#рд╡реНрдпрдВрдЧ #рдХрдЯрд╛рдХреНрд╖ https://t.co/DbRaSLn4zC",76,3699,0,,,,Sun Sep 27 11:55:39 +0000 2020,1310186338319130624
"RT @gautam007: рдкрд░рд╕рд╛рдИ рдХреА рд╕рдЪреНрдЪрд╛рдИ......
#рд╡реНрдпрдВрдЧ #рдХрдЯрд╛рдХреНрд╖ https://t.co/DbRaSLn4zC",76,2339,0,,,,Sun Sep 27 11:50:18 +0000 2020,1310184989175066626
"RT @gautam007: рдкрд░рд╕рд╛рдИ рдХреА рд╕рдЪреНрдЪрд╛рдИ......
#рд╡реНрдпрдВрдЧ #рдХрдЯрд╛рдХреНрд╖ https://t.co/DbRaSLn4zC",76,888,0,,,,Sun Sep 27 11:22:09 +0000 2020,1310177907633983493
"RT @gautam007: рдкрд░рд╕рд╛рдИ рдХреА рд╕рдЪреНрдЪрд╛рдИ......
#рд╡реНрдпрдВрдЧ #рдХрдЯрд╛рдХреНрд╖ https://t.co/DbRaSLn4zC",76,26751,0,,,,Sun Sep 27 11:20:49 +0000 2020,1310177570617401344
"RT @gautam007: рдкрд░рд╕рд╛рдИ рдХреА рд╕рдЪреНрдЪрд╛рдИ......
#рд╡реНрдпрдВрдЧ #рдХрдЯрд╛рдХреНрд╖ https://t.co/DbRaSLn4zC",76,471,0,,,,Sun Sep 27 11:01:34 +0000 2020,1310172728616386562
"RT @gautam007: рдкрд░рд╕рд╛рдИ рдХреА рд╕рдЪреНрдЪрд╛рдИ......
#рд╡реНрдпрдВрдЧ #рдХрдЯрд╛рдХреНрд╖ https://t.co/DbRaSLn4zC",76,2605,0,,,,Sun Sep 27 10:20:34 +0000 2020,1310162409068265472
"RT @gautam007: рдкрд░рд╕рд╛рдИ рдХреА рд╕рдЪреНрдЪрд╛рдИ......
#рд╡реНрдпрдВрдЧ #рдХрдЯрд╛рдХреНрд╖ https://t.co/DbRaSLn4zC",76,5068,0,,,,Sun Sep 27 09:38:25 +0000 2020,1310151803015589888
"RT @gautam007: рдкрд░рд╕рд╛рдИ рдХреА рд╕рдЪреНрдЪрд╛рдИ......
#рд╡реНрдпрдВрдЧ #рдХрдЯрд╛рдХреНрд╖ https://t.co/DbRaSLn4zC",76,73015,0,,,,Sun Sep 27 09:33:29 +0000 2020,1310150560633425920
"RT @m_meluha: рдЕрдкрдиреЗ рдмрдЪреНрдЪреЗ рдХреЗ рдХрдВрдзреЗ рдкрд░ рдХрд┐рддрд╛рдмреЛрдВ рдХреА рдЭреЛрд▓реА, рднрд╛рд░реА рджрд┐рдЦрддреА рд╣реИ рдкрд░ рдЕрдкрдиреЗ рджреБрдХрд╛рди рдкрд░ рдХрд╛рдо рдХрд░рдиреЗ рд╡рд╛рд▓реЗ рдЫреЛрдЯреВ рд╕реЗ, рдХрд┐рд▓реЛрдВ-рдХрд┐рд▓реЛрдВ рд╕рдорд╛рди рдЙрдард╡рд╛рддреЗ рд╣реЛ. рдпреЗтАж",10,10906,0,,,,Sun Sep 27 09:32:55 +0000 2020,1310150418387746816
"RT @gautam007: рдкрд░рд╕рд╛рдИ рдХреА рд╕рдЪреНрдЪрд╛рдИ......
#рд╡реНрдпрдВрдЧ #рдХрдЯрд╛рдХреНрд╖ https://t.co/DbRaSLn4zC",76,3601,0,,,,Sun Sep 27 09:30:41 +0000 2020,1310149855663149056
"RT @gautam007: рдкрд░рд╕рд╛рдИ рдХреА рд╕рдЪреНрдЪрд╛рдИ......
#рд╡реНрдпрдВрдЧ #рдХрдЯрд╛рдХреНрд╖ https://t.co/DbRaSLn4zC",76,1504,0,,,,Sun Sep 27 09:04:21 +0000 2020,1310143226611863552
"RT @gautam007: рдкрд░рд╕рд╛рдИ рдХреА рд╕рдЪреНрдЪрд╛рдИ......
#рд╡реНрдпрдВрдЧ #рдХрдЯрд╛рдХреНрд╖ https://t.co/DbRaSLn4zC",76,3542,0,,,,Sun Sep 27 09:03:28 +0000 2020,1310143006809362433
"RT @gautam007: рдкрд░рд╕рд╛рдИ рдХреА рд╕рдЪреНрдЪрд╛рдИ......
#рд╡реНрдпрдВрдЧ #рдХрдЯрд╛рдХреНрд╖ https://t.co/DbRaSLn4zC",76,10584,0,,,,Sun Sep 27 08:56:39 +0000 2020,1310141290969927683
"RT @gautam007: рдкрд░рд╕рд╛рдИ рдХреА рд╕рдЪреНрдЪрд╛рдИ......
#рд╡реНрдпрдВрдЧ #рдХрдЯрд╛рдХреНрд╖ https://t.co/DbRaSLn4zC",76,9831,0,,,,Sun Sep 27 08:43:01 +0000 2020,1310137859521667075
"RT @gautam007: рдкрд░рд╕рд╛рдИ рдХреА рд╕рдЪреНрдЪрд╛рдИ......
#рд╡реНрдпрдВрдЧ #рдХрдЯрд╛рдХреНрд╖ https://t.co/DbRaSLn4zC",76,51249,0,,,,Sun Sep 27 08:40:12 +0000 2020,1310137151657357312
"RT @gautam007: рдкрд░рд╕рд╛рдИ рдХреА рд╕рдЪреНрдЪрд╛рдИ......
#рд╡реНрдпрдВрдЧ #рдХрдЯрд╛рдХреНрд╖ https://t.co/DbRaSLn4zC",76,6420,0,,,,Sun Sep 27 08:15:59 +0000 2020,1310131054871674880
"RT @gautam007: рдкрд░рд╕рд╛рдИ рдХреА рд╕рдЪреНрдЪрд╛рдИ......
#рд╡реНрдпрдВрдЧ #рдХрдЯрд╛рдХреНрд╖ https://t.co/DbRaSLn4zC",76,44624,0,,,,Sun Sep 27 08:13:03 +0000 2020,1310130316724461570
"RT @gautam007: рдкрд░рд╕рд╛рдИ рдХреА рд╕рдЪреНрдЪрд╛рдИ......
#рд╡реНрдпрдВрдЧ #рдХрдЯрд╛рдХреНрд╖ https://t.co/DbRaSLn4zC",76,76883,0,,,,Sun Sep 27 08:10:36 +0000 2020,1310129700786724864
"RT @gautam007: рдкрд░рд╕рд╛рдИ рдХреА рд╕рдЪреНрдЪрд╛рдИ......
#рд╡реНрдпрдВрдЧ #рдХрдЯрд╛рдХреНрд╖ https://t.co/DbRaSLn4zC",76,1522,0,,,,Sun Sep 27 08:09:37 +0000 2020,1310129454069374976
"RT @gautam007: рдкрд░рд╕рд╛рдИ рдХреА рд╕рдЪреНрдЪрд╛рдИ......
#рд╡реНрдпрдВрдЧ #рдХрдЯрд╛рдХреНрд╖ https://t.co/DbRaSLn4zC",76,6302,0,,,,Sun Sep 27 08:07:17 +0000 2020,1310128867110268928
"RT @gautam007: рдкрд░рд╕рд╛рдИ рдХреА рд╕рдЪреНрдЪрд╛рдИ......
#рд╡реНрдпрдВрдЧ #рдХрдЯрд╛рдХреНрд╖ https://t.co/DbRaSLn4zC",76,6638,0,,,,Sun Sep 27 08:00:01 +0000 2020,1310127037496004613
"RT @m_meluha: рдЕрдкрдиреЗ рдмрдЪреНрдЪреЗ рдХреЗ рдХрдВрдзреЗ рдкрд░ рдХрд┐рддрд╛рдмреЛрдВ рдХреА рдЭреЛрд▓реА, рднрд╛рд░реА рджрд┐рдЦрддреА рд╣реИ рдкрд░ рдЕрдкрдиреЗ рджреБрдХрд╛рди рдкрд░ рдХрд╛рдо рдХрд░рдиреЗ рд╡рд╛рд▓реЗ рдЫреЛрдЯреВ рд╕реЗ, рдХрд┐рд▓реЛрдВ-рдХрд┐рд▓реЛрдВ рд╕рдорд╛рди рдЙрдард╡рд╛рддреЗ рд╣реЛ. рдпреЗтАж",10,3459,0,,,,Sun Sep 27 07:55:09 +0000 2020,1310125814503976960
"RT @m_meluha: рдЕрдкрдиреЗ рдмрдЪреНрдЪреЗ рдХреЗ рдХрдВрдзреЗ рдкрд░ рдХрд┐рддрд╛рдмреЛрдВ рдХреА рдЭреЛрд▓реА, рднрд╛рд░реА рджрд┐рдЦрддреА рд╣реИ рдкрд░ рдЕрдкрдиреЗ рджреБрдХрд╛рди рдкрд░ рдХрд╛рдо рдХрд░рдиреЗ рд╡рд╛рд▓реЗ рдЫреЛрдЯреВ рд╕реЗ, рдХрд┐рд▓реЛрдВ-рдХрд┐рд▓реЛрдВ рд╕рдорд╛рди рдЙрдард╡рд╛рддреЗ рд╣реЛ. рдпреЗтАж",10,7731,0,,,,Sun Sep 27 07:26:46 +0000 2020,1310118668991299584
"RT @m_meluha: рдЕрдкрдиреЗ рдмрдЪреНрдЪреЗ рдХреЗ рдХрдВрдзреЗ рдкрд░ рдХрд┐рддрд╛рдмреЛрдВ рдХреА рдЭреЛрд▓реА, рднрд╛рд░реА рджрд┐рдЦрддреА рд╣реИ рдкрд░ рдЕрдкрдиреЗ рджреБрдХрд╛рди рдкрд░ рдХрд╛рдо рдХрд░рдиреЗ рд╡рд╛рд▓реЗ рдЫреЛрдЯреВ рд╕реЗ, рдХрд┐рд▓реЛрдВ-рдХрд┐рд▓реЛрдВ рд╕рдорд╛рди рдЙрдард╡рд╛рддреЗ рд╣реЛ. рдпреЗтАж",10,1480,0,,,,Sun Sep 27 07:04:15 +0000 2020,1310113005883981824
"RT @m_meluha: рдЕрдкрдиреЗ рдмрдЪреНрдЪреЗ рдХреЗ рдХрдВрдзреЗ рдкрд░ рдХрд┐рддрд╛рдмреЛрдВ рдХреА рдЭреЛрд▓реА, рднрд╛рд░реА рджрд┐рдЦрддреА рд╣реИ рдкрд░ рдЕрдкрдиреЗ рджреБрдХрд╛рди рдкрд░ рдХрд╛рдо рдХрд░рдиреЗ рд╡рд╛рд▓реЗ рдЫреЛрдЯреВ рд╕реЗ, рдХрд┐рд▓реЛрдВ-рдХрд┐рд▓реЛрдВ рд╕рдорд╛рди рдЙрдард╡рд╛рддреЗ рд╣реЛ. рдпреЗтАж",10,15854,0,,,,Sun Sep 27 07:03:14 +0000 2020,1310112748089475073
"RT @GetAzadi: рд░рд╛рд╣реБрд▓ рдкреВрдЫрд╛- рдордореНрдореА рдпреЗ рдХреМрди рд╕рд╛ рдЬрд╛рдирд╡рд░ рд╣реИ
рд╕реЛрдирд┐рдпрд╛ рдмреЛрд▓реА - рд╢реЗрд░ рд╣реИ 
рд░рд╛рд╣реБрд▓ рднреА рдмреЛрд▓рд╛ - рд╢реЗрд░ рд╣реИ 
рд╡рд╛рдордкрдВрдереА рдмреЛрд▓реЗ- рд╢реЗрд░ рд╣реИ 
рд░рд╛рдЬрджреАрдк рдмреЛрд▓рд╛ - рд╢реЗрд░ рд╣реИтАж",48,4567,0,,,,Sun Sep 27 06:29:40 +0000 2020,1310104301981716481
"RT @m_meluha: рдЕрдкрдиреЗ рдмрдЪреНрдЪреЗ рдХреЗ рдХрдВрдзреЗ рдкрд░ рдХрд┐рддрд╛рдмреЛрдВ рдХреА рдЭреЛрд▓реА, рднрд╛рд░реА рджрд┐рдЦрддреА рд╣реИ рдкрд░ рдЕрдкрдиреЗ рджреБрдХрд╛рди рдкрд░ рдХрд╛рдо рдХрд░рдиреЗ рд╡рд╛рд▓реЗ рдЫреЛрдЯреВ рд╕реЗ, рдХрд┐рд▓реЛрдВ-рдХрд┐рд▓реЛрдВ рд╕рдорд╛рди рдЙрдард╡рд╛рддреЗ рд╣реЛ. рдпреЗтАж",10,216,0,,,,Sun Sep 27 06:13:04 +0000 2020,1310100124811456512
"RT @The_Nakum: рд╣рдорд╛рд░реЗ рдЧреБрдЬрд░рд╛рддреА рднрд╛рдИ рдЕрдирд┐рд▓ рдЕрдВрдмрд╛рдиреА рдХреЗ рдкрд╛рд╕ рд╡рдХреАрд▓ рдХреА рдлреАрд╕ рдХреЗ рд▓рд┐рдП рдкреИрд╕реЗ рдирд╣реА рд╣реИ рдФрд░ рдШрд░ рдХреЗ рд╕реЛрдиреЗ-рдЬрд╡реЗрд░рд╛рдд рдмреЗрдЪ рдХрд░ рдлреАрд╕ рднрд░ рд░рд╣реЗ рд╣реИ , рдореЗрдВ рдЧреБрд░реБрджреЗрд╡тАж",9,3130,0,,,,Sun Sep 27 05:31:29 +0000 2020,1310089657632268291
"RT @The_Nakum: рд╣рдорд╛рд░реЗ рдЧреБрдЬрд░рд╛рддреА рднрд╛рдИ рдЕрдирд┐рд▓ рдЕрдВрдмрд╛рдиреА рдХреЗ рдкрд╛рд╕ рд╡рдХреАрд▓ рдХреА рдлреАрд╕ рдХреЗ рд▓рд┐рдП рдкреИрд╕реЗ рдирд╣реА рд╣реИ рдФрд░ рдШрд░ рдХреЗ рд╕реЛрдиреЗ-рдЬрд╡реЗрд░рд╛рдд рдмреЗрдЪ рдХрд░ рдлреАрд╕ рднрд░ рд░рд╣реЗ рд╣реИ , рдореЗрдВ рдЧреБрд░реБрджреЗрд╡тАж",9,1288,0,,,,Sun Sep 27 05:25:53 +0000 2020,1310088250489479169
"RT @The_Nakum: рд╣рдорд╛рд░реЗ рдЧреБрдЬрд░рд╛рддреА рднрд╛рдИ рдЕрдирд┐рд▓ рдЕрдВрдмрд╛рдиреА рдХреЗ рдкрд╛рд╕ рд╡рдХреАрд▓ рдХреА рдлреАрд╕ рдХреЗ рд▓рд┐рдП рдкреИрд╕реЗ рдирд╣реА рд╣реИ рдФрд░ рдШрд░ рдХреЗ рд╕реЛрдиреЗ-рдЬрд╡реЗрд░рд╛рдд рдмреЗрдЪ рдХрд░ рдлреАрд╕ рднрд░ рд░рд╣реЗ рд╣реИ , рдореЗрдВ рдЧреБрд░реБрджреЗрд╡тАж",9,2133,0,,,,Sun Sep 27 05:24:22 +0000 2020,1310087865989201935
"RT @The_Nakum: рд╣рдорд╛рд░реЗ рдЧреБрдЬрд░рд╛рддреА рднрд╛рдИ рдЕрдирд┐рд▓ рдЕрдВрдмрд╛рдиреА рдХреЗ рдкрд╛рд╕ рд╡рдХреАрд▓ рдХреА рдлреАрд╕ рдХреЗ рд▓рд┐рдП рдкреИрд╕реЗ рдирд╣реА рд╣реИ рдФрд░ рдШрд░ рдХреЗ рд╕реЛрдиреЗ-рдЬрд╡реЗрд░рд╛рдд рдмреЗрдЪ рдХрд░ рдлреАрд╕ рднрд░ рд░рд╣реЗ рд╣реИ , рдореЗрдВ рдЧреБрд░реБрджреЗрд╡тАж",9,8467,0,,,,Sun Sep 27 05:22:24 +0000 2020,1310087371753316359
"RT @The_Nakum: рд╣рдорд╛рд░реЗ рдЧреБрдЬрд░рд╛рддреА рднрд╛рдИ рдЕрдирд┐рд▓ рдЕрдВрдмрд╛рдиреА рдХреЗ рдкрд╛рд╕ рд╡рдХреАрд▓ рдХреА рдлреАрд╕ рдХреЗ рд▓рд┐рдП рдкреИрд╕реЗ рдирд╣реА рд╣реИ рдФрд░ рдШрд░ рдХреЗ рд╕реЛрдиреЗ-рдЬрд╡реЗрд░рд╛рдд рдмреЗрдЪ рдХрд░ рдлреАрд╕ рднрд░ рд░рд╣реЗ рд╣реИ , рдореЗрдВ рдЧреБрд░реБрджреЗрд╡тАж",9,26959,0,,,,Sun Sep 27 04:38:27 +0000 2020,1310076311931465730
"RT @m_meluha: рдЕрдкрдиреЗ рдмрдЪреНрдЪреЗ рдХреЗ рдХрдВрдзреЗ рдкрд░ рдХрд┐рддрд╛рдмреЛрдВ рдХреА рдЭреЛрд▓реА, рднрд╛рд░реА рджрд┐рдЦрддреА рд╣реИ рдкрд░ рдЕрдкрдиреЗ рджреБрдХрд╛рди рдкрд░ рдХрд╛рдо рдХрд░рдиреЗ рд╡рд╛рд▓реЗ рдЫреЛрдЯреВ рд╕реЗ, рдХрд┐рд▓реЛрдВ-рдХрд┐рд▓реЛрдВ рд╕рдорд╛рди рдЙрдард╡рд╛рддреЗ рд╣реЛ. рдпреЗтАж",10,6625,0,,,,Sun Sep 27 04:34:27 +0000 2020,1310075305017573376
"RT @The_Nakum: рд╣рдорд╛рд░реЗ рдЧреБрдЬрд░рд╛рддреА рднрд╛рдИ рдЕрдирд┐рд▓ рдЕрдВрдмрд╛рдиреА рдХреЗ рдкрд╛рд╕ рд╡рдХреАрд▓ рдХреА рдлреАрд╕ рдХреЗ рд▓рд┐рдП рдкреИрд╕реЗ рдирд╣реА рд╣реИ рдФрд░ рдШрд░ рдХреЗ рд╕реЛрдиреЗ-рдЬрд╡реЗрд░рд╛рдд рдмреЗрдЪ рдХрд░ рдлреАрд╕ рднрд░ рд░рд╣реЗ рд╣реИ , рдореЗрдВ рдЧреБрд░реБрджреЗрд╡тАж",9,2753,0,,,,Sun Sep 27 04:29:50 +0000 2020,1310074145112125440
"RT @The_Nakum: рд╣рдорд╛рд░реЗ рдЧреБрдЬрд░рд╛рддреА рднрд╛рдИ рдЕрдирд┐рд▓ рдЕрдВрдмрд╛рдиреА рдХреЗ рдкрд╛рд╕ рд╡рдХреАрд▓ рдХреА рдлреАрд╕ рдХреЗ рд▓рд┐рдП рдкреИрд╕реЗ рдирд╣реА рд╣реИ рдФрд░ рдШрд░ рдХреЗ рд╕реЛрдиреЗ-рдЬрд╡реЗрд░рд╛рдд рдмреЗрдЪ рдХрд░ рдлреАрд╕ рднрд░ рд░рд╣реЗ рд╣реИ , рдореЗрдВ рдЧреБрд░реБрджреЗрд╡тАж",9,245,0,,,,Sun Sep 27 04:26:25 +0000 2020,1310073284138942464
"RT @The_Nakum: рд╣рдорд╛рд░реЗ рдЧреБрдЬрд░рд╛рддреА рднрд╛рдИ рдЕрдирд┐рд▓ рдЕрдВрдмрд╛рдиреА рдХреЗ рдкрд╛рд╕ рд╡рдХреАрд▓ рдХреА рдлреАрд╕ рдХреЗ рд▓рд┐рдП рдкреИрд╕реЗ рдирд╣реА рд╣реИ рдФрд░ рдШрд░ рдХреЗ рд╕реЛрдиреЗ-рдЬрд╡реЗрд░рд╛рдд рдмреЗрдЪ рдХрд░ рдлреАрд╕ рднрд░ рд░рд╣реЗ рд╣реИ , рдореЗрдВ рдЧреБрд░реБрджреЗрд╡тАж",9,2833,0,,,,Sun Sep 27 04:17:50 +0000 2020,1310071121643880448
"рд╣рдорд╛рд░реЗ рдЧреБрдЬрд░рд╛рддреА рднрд╛рдИ рдЕрдирд┐рд▓ рдЕрдВрдмрд╛рдиреА рдХреЗ рдкрд╛рд╕ рд╡рдХреАрд▓ рдХреА рдлреАрд╕ рдХреЗ рд▓рд┐рдП рдкреИрд╕реЗ рдирд╣реА рд╣реИ рдФрд░ рдШрд░ рдХреЗ рд╕реЛрдиреЗ-рдЬрд╡реЗрд░рд╛рдд рдмреЗрдЪ рдХрд░ рдлреАрд╕ рднрд░ рд░рд╣реЗ рд╣реИ , рдореЗрдВ рдЧреБрд░реБрджреЗрд╡ @PrayagrajWale рдХреЛ рдЕрдиреБрд░реЛрдз рдХрд░рддрд╛ рд╣реБ рдХреА рдЗрд╕ рдорд╣рд╛рдорд╛рд░реА рдореЗрдВ рдЖрдЧреЗ рдЖрдпреЗ рдФрд░ рдЕрдВрдмрд╛рдиреА рднрд╛рдИ рдХреА рдЙрдЪрд┐рдд рдорджрдж рдХрд░реЗ ред #рд╡реНрдпрдВрдЧ
ЁЯШКЁЯШвЁЯШКЁЯШв https://t.co/EOIX3iODRQ",9,8467,13,,,,Sun Sep 27 04:12:29 +0000 2020,1310069776182468608
"RT @m_meluha: рдЕрдкрдиреЗ рдмрдЪреНрдЪреЗ рдХреЗ рдХрдВрдзреЗ рдкрд░ рдХрд┐рддрд╛рдмреЛрдВ рдХреА рдЭреЛрд▓реА, рднрд╛рд░реА рджрд┐рдЦрддреА рд╣реИ рдкрд░ рдЕрдкрдиреЗ рджреБрдХрд╛рди рдкрд░ рдХрд╛рдо рдХрд░рдиреЗ рд╡рд╛рд▓реЗ рдЫреЛрдЯреВ рд╕реЗ, рдХрд┐рд▓реЛрдВ-рдХрд┐рд▓реЛрдВ рд╕рдорд╛рди рдЙрдард╡рд╛рддреЗ рд╣реЛ. рдпреЗтАж",10,7754,0,,,,Sun Sep 27 03:47:20 +0000 2020,1310063446365368321
"RT @m_meluha: рдЕрдкрдиреЗ рдмрдЪреНрдЪреЗ рдХреЗ рдХрдВрдзреЗ рдкрд░ рдХрд┐рддрд╛рдмреЛрдВ рдХреА рдЭреЛрд▓реА, рднрд╛рд░реА рджрд┐рдЦрддреА рд╣реИ рдкрд░ рдЕрдкрдиреЗ рджреБрдХрд╛рди рдкрд░ рдХрд╛рдо рдХрд░рдиреЗ рд╡рд╛рд▓реЗ рдЫреЛрдЯреВ рд╕реЗ, рдХрд┐рд▓реЛрдВ-рдХрд┐рд▓реЛрдВ рд╕рдорд╛рди рдЙрдард╡рд╛рддреЗ рд╣реЛ. рдпреЗтАж",10,6163,0,,,,Sun Sep 27 03:25:54 +0000 2020,1310058054075822080
"рдЕрдкрдиреЗ рдмрдЪреНрдЪреЗ рдХреЗ рдХрдВрдзреЗ рдкрд░ рдХрд┐рддрд╛рдмреЛрдВ рдХреА рдЭреЛрд▓реА, рднрд╛рд░реА рджрд┐рдЦрддреА рд╣реИ рдкрд░ рдЕрдкрдиреЗ рджреБрдХрд╛рди рдкрд░ рдХрд╛рдо рдХрд░рдиреЗ рд╡рд╛рд▓реЗ рдЫреЛрдЯреВ рд╕реЗ, рдХрд┐рд▓реЛрдВ-рдХрд┐рд▓реЛрдВ рд╕рдорд╛рди рдЙрдард╡рд╛рддреЗ рд╣реЛ. рдпреЗ рдХреМрди рд╕рд╛ рдорд╛рдкрдХ рдпрдВрддреНрд░ рд╣реИ рднрдЗ, рдЦреИрд░ рдореБрдЭреЗ рдХреНрдпрд╛.... тШХ

#рд╢реБрдн_рдкреНрд░рднрд╛рдд
#SundayMorning #рд╡реНрдпрдВрдЧ",10,14608,7,,,,Sun Sep 27 03:21:00 +0000 2020,1310056822733037568
"рдЖрдЬ рдордирдореЛрд╣рди рд╕рд┐рдВрд╣ рдХрд╛ рдЬрдиреНрдорджрд┐рди рд╣реИ,

рдЙрддрдиреЗ рд╕реЗрдХрдВрдб рдХрд╛ рдореМрди рдЕрдЧрд░ рд╣рдо рдЙрдирдХреЗ рд▓рд┐рдП рд░рдЦреЗрдВ рдЬрд┐рддрдиреЗ рд▓рд╛рдЦ рдХрд░реЛрдбрд╝ рдХреЗ рд╕реНрдХреИрдо рдЙрдирдХреЗ рдореМрди рдореБрджреНрд░рд╛ рдХреЗ рдиреАрдЪреЗ рд╣реБрдП рд╣реИрдВ, рддреЛ рдЙрдирдХреА 10000 рдкреАрдврд╝рд┐рдпрд╛рдБ рдирд┐рдХрд▓ рдЬрд╛рдпреЗрдВрдЧреАред

#рд╡реНрдпрдВрдЧ",0,49,0,,,,Sat Sep 26 13:43:02 +0000 2020,1309850971275538432
"рдЬреБрдЖ рдЪрд▓реИ рд╕рдЯреНрдЯрд╛ рдЪрд▓реИ
рдЪрд▓реИ IPL рдмрд╛рдЬрд╛рд░
рддреБрдо рдмрдЪрд╡рд╛ рдмрд┐рдирд╛
рдорд╛рд╕реНрдХ рди рдЬрд╛рдпреЗрдУ рдмрд╛рд╣рд░
рдЬрд╛рдЧрдд рд╣реИ рд╕рд░рдХрд╛рд░ред
#рд╡реНрдпрдВрдЧ",0,4931,0,,,,Fri Sep 25 03:22:08 +0000 2020,1309332330725560320
"рдЖрдЧреЗ рдмрдврд╝рдиреЗ рд╡рд╛рд▓рд╛ рд╡реНрдпрдХреНрддрд┐ рдХрднреА 
рдХрд┐рд╕реАрдХреЛ рдмрд╛рдзрд╛ рдирд╣реАрдВ рдкрд╣реБрдВрдЪрд╛рддрд╛,
                  рдФрд░
рджреВрд╕рд░реЛрдВ рдХреЛ рдмрд╛рдзрд╛ рдкрд╣реБрдВрдЪрд╛рдиреЗ рд╡рд╛рд▓рд╛
 рд╡реНрдпрдХреНрддрд┐ рдХрднреА рдЖрдЧреЗ рдирд╣реАрдВ рдмрдврд╝рддрд╛ред :)
#рд╡реНрдпрдВрдЧ",0,9,3,,,,Wed Sep 23 11:33:12 +0000 2020,1308731133920591873
"рд╕рдореНрднрд╛рд▓ рдирд╣реА рдкрд╛рдП рднрдИрдпрд╛ рдзрдзрдХрддреА рдЖрдЧ рдЬрд╡рд╛рдиреА рдореЗ 
рдПрд╣реА рдмрджреЗ рднрдЙрдЬреА рдЦреБрдж рдЧрдИ рдкрд░рдзрд╛рдиреА рдореЗ 
#рд╡реНрдпрдВрдЧ https://t.co/wYGNpOMO7N",0,23,0,,,,Wed Sep 23 03:58:22 +0000 2020,1308616672660643840
"рдореИрдВ рдПрдирд╕реАрдмреА, рд╕реНрд╡рдЪреНрдЫ рднрд╛рд░рдд рдорд┐рд╢рди рдХреЗ рд╕рд╛рде рд╣реВрдВ, рдмреАрдЬреЗрдкреА рдХреЗ рдирд╣реАрдВ, рдкреНрд░рд┐рдп рднрдХреНрддреЛрдВред рд▓реЛрдЧ рддреЛ рдбреНрд░рдЧреНрд╕ рдХреЗ рдЦрд╝рд┐рд▓рд╛рдлрд╝ рдХреИрдВрдкреЗрди рдЪрд▓рд╛рддреЗ рд╣реА рд░рд╣реЗ рд╣реИрдВред
#рд╡реНрдпрдВрдЧ",0,185,0,,,,Tue Sep 22 16:45:06 +0000 2020,1308447242232029184
"рдорд░рддреЗ рд╣реИ рдХрд┐рд╕рд╛рди,рдмреЗрд░реЛрдЬрд╝рдЧрд╛рд░, рдпреБрд╡рд╛ рддреЛ рдорд╛рд░рдиреЗ рджреЛ рд╡рд╣ рдХреЛрдИ рд╕реБрд╢рд╛рдВрдд рдереЛрдбрд╝реА рд╣реИрдВ,

рдЙрдЬрдбрд╝рддрд╛ рд╣реИ рдЦреЗрдд-рдЦрд▓рд┐рд╣рд╛рди,рдФрд░ рднрд╛рд░рддреАрдп рднрд╡рд┐рд╖реНрдп рддреЛ рдЙрдЬрдбрд╝рдиреЗ рджреЛ, рдХрдВрдЧрдирд╛ рдХрд╛ рдордХрд╛рди рдереЛрдбрд╝реА рд╣реИ!!
#рдХрд┐рд╕рд╛рди_рдмрд┐рд▓ 
#рдпреБрд╡рд╛ 
#рд╡рдпрдВрдЧ",0,10,1,,,,Mon Sep 21 07:08:53 +0000 2020,1307939840973963265
"@ManishJhaTweets рджрд░рднрдВрдЧрд╛ рд╕реЗ рдХреНрдпреВрдБ, рд╣рдордХреЛ рддреЛ рд▓рдЧрддрд╛ рд╣реИрдВ рдмрд┐рд╣рд╛рд░ рдореЗрдВ рдЖрдЪрд╛рд░ рд╕рдВрд╣рд┐рддрд╛ рд▓рдЧрдиреЗ рд╕реЗ рддреБрд░рдВрдд рдкрд╣рд▓реЗ рдХрд╣реАрдВ #NitishKumar #рдкреВрд░реНрдгрд┐рдпрд╛ #рднрд╛рдЧрд▓рдкреБрд░ рд╕реЗ рд╣рд╡рд╛рдИ рд╕реЗрд╡рд╛ рдирд╛ рд╢реБрд░реВ рдХрд░рд╡рд╛ рджреЗ!! #рд╡реНрдпрдВрдЧ",0,25,1,,,,Sun Sep 20 10:03:34 +0000 2020,1307621414808162304
